"","lhs","op","rhs","est.std","se","z","pvalue","ci.lower","ci.upper"
"1","ANXDEP","=~","ANXDEP1",0.703,0.013,54.322,0,0.678,0.728
"2","ANXDEP","=~","ANXDEP2",0.55,0.012,44.01,0,0.525,0.574
"3","ANXDEP","=~","ANXDEP3",0.686,0.019,36.629,0,0.649,0.722
"4","ANXDEP","=~","ANXDEP4",0.658,0.015,44.288,0,0.628,0.687
"5","ANXDEP","=~","ANXDEP5",0.477,0.012,39.416,0,0.454,0.501
"6","ANXDEP","=~","ANXDEP6",0.816,0.01,81.619,0,0.797,0.836
"7","ANXDEP","=~","ANXDEP7",0.804,0.01,82.117,0,0.785,0.824
"8","ANXDEP","=~","ANXDEP8",0.803,0.009,92.185,0,0.786,0.82
"9","ANXDEP","=~","ANXDEP9",0.757,0.009,87.135,0,0.74,0.774
"10","ANXDEP","=~","ANXDEP10",0.691,0.015,45.505,0,0.661,0.721
"11","ANXDEP","=~","ANXDEP11",0.688,0.009,75.353,0,0.67,0.706
"12","ANXDEP","=~","ANXDEP12",0.748,0.021,34.811,0,0.706,0.79
"13","ANXDEP","=~","ANXDEP13",0.713,0.008,84.554,0,0.697,0.73
"14","WITHDEP","=~","WITHDEP1",0.766,0.014,56.468,0,0.74,0.793
"15","WITHDEP","=~","WITHDEP2",0.622,0.012,51.294,0,0.599,0.646
"16","WITHDEP","=~","WITHDEP3",0.704,0.014,50.892,0,0.676,0.731
"17","WITHDEP","=~","WITHDEP4",0.721,0.012,60.469,0,0.698,0.745
"18","WITHDEP","=~","WITHDEP5",0.512,0.013,39.409,0,0.486,0.537
"19","WITHDEP","=~","WITHDEP6",0.693,0.016,44.064,0,0.662,0.724
"20","WITHDEP","=~","WITHDEP7",0.854,0.011,79.061,0,0.833,0.876
"21","WITHDEP","=~","WITHDEP8",0.777,0.013,58.65,0,0.751,0.803
"22","SOMATIC","=~","SOMATIC1",0.74,0.016,45.381,0,0.708,0.771
"23","SOMATIC","=~","SOMATIC2",0.542,0.019,28.202,0,0.505,0.58
"24","SOMATIC","=~","SOMATIC3",0.715,0.023,31.284,0,0.67,0.76
"25","SOMATIC","=~","SOMATIC4",0.848,0.021,39.792,0,0.806,0.89
"26","SOMATIC","=~","SOMATIC5",0.576,0.017,34.604,0,0.544,0.609
"27","SOMATIC","=~","SOMATIC6",0.561,0.014,39.467,0,0.533,0.588
"28","SOMATIC","=~","SOMATIC7",0.74,0.014,54.409,0,0.714,0.767
"29","SOMATIC","=~","SOMATIC8",0.495,0.028,17.384,0,0.439,0.551
"30","SOMATIC","=~","SOMATIC9",0.448,0.019,23.719,0,0.411,0.485
"31","SOMATIC","=~","SOMATIC10",0.663,0.012,54.673,0,0.639,0.686
"32","SOMATIC","=~","SOMATIC11",0.535,0.025,21.448,0,0.486,0.583
"33","SOCIAL","=~","SOCIAL1",0.636,0.011,57.049,0,0.614,0.658
"34","SOCIAL","=~","SOCIAL2",0.703,0.011,63.723,0,0.682,0.725
"35","SOCIAL","=~","SOCIAL3",0.793,0.009,85.497,0,0.775,0.812
"36","SOCIAL","=~","SOCIAL4",0.712,0.009,78.028,0,0.694,0.73
"37","SOCIAL","=~","SOCIAL5",0.753,0.014,55.586,0,0.726,0.779
"38","SOCIAL","=~","SOCIAL6",0.527,0.013,39.839,0,0.501,0.553
"39","SOCIAL","=~","SOCIAL7",0.698,0.01,68.227,0,0.678,0.718
"40","SOCIAL","=~","SOCIAL8",0.781,0.01,78.996,0,0.762,0.801
"41","SOCIAL","=~","SOCIAL9",0.654,0.012,53.422,0,0.63,0.678
"42","SOCIAL","=~","SOCIAL10",0.557,0.012,45.709,0,0.533,0.581
"43","SOCIAL","=~","SOCIAL11",0.351,0.017,21.04,0,0.319,0.384
"44","THOUGHT","=~","THOUGHT1",0.767,0.008,93.523,0,0.751,0.783
"45","THOUGHT","=~","THOUGHT2",0.683,0.033,20.962,0,0.619,0.747
"46","THOUGHT","=~","THOUGHT3",0.634,0.029,21.878,0,0.578,0.691
"47","THOUGHT","=~","THOUGHT4",0.638,0.014,46.444,0,0.611,0.665
"48","THOUGHT","=~","THOUGHT5",0.517,0.012,43.038,0,0.493,0.541
"49","THOUGHT","=~","THOUGHT6",0.475,0.036,13.214,0,0.404,0.545
"50","THOUGHT","=~","THOUGHT7",0.469,0.03,15.857,0,0.411,0.526
"51","THOUGHT","=~","THOUGHT8",0.745,0.013,57.363,0,0.72,0.771
"52","THOUGHT","=~","THOUGHT9",0.652,0.032,20.681,0,0.59,0.713
"53","THOUGHT","=~","THOUGHT10",0.582,0.014,40.353,0,0.554,0.61
"54","THOUGHT","=~","THOUGHT11",0.568,0.012,45.74,0,0.544,0.592
"55","THOUGHT","=~","THOUGHT12",0.829,0.013,62.378,0,0.802,0.855
"56","THOUGHT","=~","THOUGHT13",0.716,0.014,52.399,0,0.689,0.743
"57","THOUGHT","=~","THOUGHT14",0.321,0.015,21.689,0,0.292,0.351
"58","THOUGHT","=~","THOUGHT15",0.63,0.012,51.6,0,0.606,0.654
"59","ATTENTION","=~","ATTENT1",0.663,0.011,62.428,0,0.642,0.684
"60","ATTENTION","=~","ATTENT2",0.785,0.007,117.029,0,0.772,0.798
"61","ATTENTION","=~","ATTENT3",0.57,0.012,48.62,0,0.547,0.593
"62","ATTENTION","=~","ATTENT4",0.874,0.004,203.783,0,0.866,0.882
"63","ATTENTION","=~","ATTENT5",0.798,0.006,124.114,0,0.785,0.81
"64","ATTENTION","=~","ATTENT6",0.745,0.014,53.443,0,0.717,0.772
"65","ATTENTION","=~","ATTENT7",0.641,0.01,63.466,0,0.622,0.661
"66","ATTENTION","=~","ATTENT8",0.878,0.006,138.946,0,0.866,0.891
"67","ATTENTION","=~","ATTENT9",0.741,0.011,70.555,0,0.721,0.762
"68","ATTENTION","=~","ATTENT10",0.882,0.004,208.746,0,0.873,0.89
"69","ATTENTION","=~","ATTENT11",0.745,0.012,61.492,0,0.721,0.769
"70","RULE_BR","=~","RULE_BR1",0.315,0.106,2.982,0.003,0.108,0.523
"71","RULE_BR","=~","RULE_BR2",0.769,0.01,75.55,0,0.749,0.789
"72","RULE_BR","=~","RULE_BR3",0.901,0.007,138.437,0,0.888,0.914
"73","RULE_BR","=~","RULE_BR4",0.617,0.015,40.353,0,0.587,0.647
"74","RULE_BR","=~","RULE_BR5",0.765,0.008,97.392,0,0.749,0.78
"75","RULE_BR","=~","RULE_BR6",0.536,0.013,40.872,0,0.51,0.562
"76","RULE_BR","=~","RULE_BR7",0.797,0.036,22.09,0,0.726,0.868
"77","RULE_BR","=~","RULE_BR8",0.577,0.038,15.09,0,0.502,0.652
"78","RULE_BR","=~","RULE_BR9",0.691,0.055,12.544,0,0.583,0.799
"79","RULE_BR","=~","RULE_BR10",0.77,0.014,54.017,0,0.742,0.798
"80","RULE_BR","=~","RULE_BR11",0.77,0.019,41.03,0,0.733,0.807
"81","RULE_BR","=~","RULE_BR12",0.698,0.015,46.743,0,0.669,0.727
"82","RULE_BR","=~","RULE_BR13",0.673,0.032,20.796,0,0.61,0.737
"83","RULE_BR","=~","RULE_BR14",0.182,0.03,6.149,0,0.124,0.241
"84","RULE_BR","=~","RULE_BR15",0.592,0.175,3.386,0.001,0.249,0.935
"85","RULE_BR","=~","RULE_BR16",0.658,0.05,13.041,0,0.559,0.757
"86","RULE_BR","=~","RULE_BR17",0.167,0.009,18.773,0,0.149,0.184
"87","RULE_BR","=~","RULE_BR18",0.827,0.025,32.799,0,0.778,0.877
"88","AGGRESS","=~","AGGRESS1",0.766,0.006,123.748,0,0.754,0.778
"89","AGGRESS","=~","AGGRESS2",0.727,0.012,62.233,0,0.704,0.75
"90","AGGRESS","=~","AGGRESS3",0.753,0.008,95.445,0,0.737,0.768
"91","AGGRESS","=~","AGGRESS4",0.815,0.009,88.86,0,0.797,0.833
"92","AGGRESS","=~","AGGRESS5",0.823,0.008,99.912,0,0.807,0.839
"93","AGGRESS","=~","AGGRESS6",0.813,0.006,142.778,0,0.802,0.824
"94","AGGRESS","=~","AGGRESS7",0.745,0.009,81.866,0,0.727,0.763
"95","AGGRESS","=~","AGGRESS8",0.741,0.015,50.753,0,0.712,0.769
"96","AGGRESS","=~","AGGRESS9",0.741,0.013,58.213,0,0.716,0.766
"97","AGGRESS","=~","AGGRESS10",0.754,0.009,82.711,0,0.736,0.772
"98","AGGRESS","=~","AGGRESS11",0.774,0.007,118.206,0,0.761,0.787
"99","AGGRESS","=~","AGGRESS12",0.81,0.007,116.027,0,0.796,0.824
"100","AGGRESS","=~","AGGRESS13",0.741,0.01,77.506,0,0.722,0.76
"101","AGGRESS","=~","AGGRESS14",0.758,0.015,51.317,0,0.729,0.787
"102","AGGRESS","=~","AGGRESS15",0.673,0.012,56.956,0,0.65,0.696
"103","AGGRESS","=~","AGGRESS16",0.781,0.006,120.966,0,0.768,0.793
"104","AGGRESS","=~","AGGRESS17",0.82,0.014,60.51,0,0.793,0.846
"105","AGGRESS","=~","AGGRESS18",0.72,0.01,70.49,0,0.7,0.74
"106","P","=~","ANXDEP",0.797,0.006,130.765,0,0.785,0.809
"107","P","=~","WITHDEP",0.822,0.007,116.038,0,0.809,0.836
"108","P","=~","SOCIAL",0.932,0.004,231.618,0,0.924,0.94
"109","P","=~","SOMATIC",0.638,0.01,64.35,0,0.619,0.658
"110","P","=~","THOUGHT",0.911,0.005,193.147,0,0.902,0.92
"111","P","=~","ATTENTION",0.815,0.005,166.471,0,0.806,0.825
"112","P","=~","RULE_BR",0.869,0.005,158.19,0,0.858,0.88
"113","P","=~","AGGRESS",0.902,0.004,252.821,0,0.895,0.909
"114","ANXDEP1","|","t1",1.169,0.015,78.581,0,1.14,1.198
"115","ANXDEP1","|","t2",2.174,0.03,73.478,0,2.116,2.232
"116","ANXDEP2","|","t1",0.804,0.013,61.975,0,0.778,0.829
"117","ANXDEP2","|","t2",2.077,0.027,76.638,0,2.024,2.13
"118","ANXDEP3","|","t1",1.711,0.02,84.268,0,1.672,1.751
"119","ANXDEP3","|","t2",2.677,0.05,53.107,0,2.579,2.776
"120","ANXDEP4","|","t1",1.373,0.016,83.393,0,1.341,1.406
"121","ANXDEP4","|","t2",2.498,0.041,60.816,0,2.418,2.579
"122","ANXDEP5","|","t1",0.602,0.012,48.937,0,0.578,0.626
"123","ANXDEP5","|","t2",1.752,0.021,83.818,0,1.711,1.793
"124","ANXDEP6","|","t1",1.123,0.015,77.027,0,1.094,1.151
"125","ANXDEP6","|","t2",2.28,0.033,69.638,0,2.216,2.344
"126","ANXDEP7","|","t1",1.154,0.015,78.086,0,1.125,1.183
"127","ANXDEP7","|","t2",2.351,0.035,66.88,0,2.282,2.42
"128","ANXDEP8","|","t1",0.839,0.013,63.993,0,0.813,0.865
"129","ANXDEP8","|","t2",1.977,0.025,79.47,0,1.928,2.026
"130","ANXDEP9","|","t1",0.789,0.013,61.121,0,0.764,0.814
"131","ANXDEP9","|","t2",1.954,0.024,80.056,0,1.906,2.001
"132","ANXDEP10","|","t1",1.511,0.018,84.788,0,1.476,1.546
"133","ANXDEP10","|","t2",2.533,0.043,59.326,0,2.45,2.617
"134","ANXDEP11","|","t1",0.174,0.012,15.069,0,0.152,0.197
"135","ANXDEP11","|","t2",1.53,0.018,84.864,0,1.495,1.566
"136","ANXDEP12","|","t1",2.016,0.026,78.436,0,1.965,2.066
"137","ANXDEP12","|","t2",3.244,0.108,30.131,0,3.033,3.455
"138","ANXDEP13","|","t1",0.438,0.012,36.746,0,0.415,0.461
"139","ANXDEP13","|","t2",1.721,0.02,84.166,0,1.681,1.762
"140","WITHDEP1","|","t1",1.385,0.017,83.574,0,1.353,1.418
"141","WITHDEP1","|","t2",2.372,0.036,66.056,0,2.301,2.442
"142","WITHDEP2","|","t1",0.974,0.014,70.922,0,0.947,1.001
"143","WITHDEP2","|","t2",2.127,0.028,75.055,0,2.072,2.183
"144","WITHDEP3","|","t1",1.326,0.016,82.563,0,1.294,1.357
"145","WITHDEP3","|","t2",2.523,0.042,59.767,0,2.44,2.606
"146","WITHDEP4","|","t1",1.074,0.014,75.233,0,1.046,1.102
"147","WITHDEP4","|","t2",2.229,0.031,71.533,0,2.168,2.29
"148","WITHDEP5","|","t1",0.784,0.013,60.795,0,0.758,0.809
"149","WITHDEP5","|","t2",2.009,0.026,78.612,0,1.959,2.059
"150","WITHDEP6","|","t1",1.493,0.018,84.687,0,1.459,1.528
"151","WITHDEP6","|","t2",2.408,0.037,64.563,0,2.335,2.482
"152","WITHDEP7","|","t1",1.185,0.015,79.079,0,1.156,1.215
"153","WITHDEP7","|","t2",2.436,0.038,63.417,0,2.361,2.512
"154","WITHDEP8","|","t1",1.513,0.018,84.797,0,1.478,1.548
"155","WITHDEP8","|","t2",2.685,0.051,52.773,0,2.585,2.785
"156","SOMATIC1","|","t1",0.989,0.014,71.646,0,0.962,1.017
"157","SOMATIC1","|","t2",2.462,0.039,62.357,0,2.384,2.539
"158","SOMATIC2","|","t1",1.167,0.015,78.515,0,1.138,1.196
"159","SOMATIC2","|","t2",2.07,0.027,76.859,0,2.017,2.123
"160","SOMATIC3","|","t1",1.68,0.02,84.537,0,1.641,1.719
"161","SOMATIC3","|","t2",2.902,0.067,43.482,0,2.771,3.033
"162","SOMATIC4","|","t1",1.634,0.019,84.81,0,1.597,1.672
"163","SOMATIC4","|","t2",2.628,0.048,55.268,0,2.534,2.721
"164","SOMATIC5","|","t1",1.035,0.014,73.635,0,1.007,1.063
"165","SOMATIC5","|","t2",2.28,0.033,69.638,0,2.216,2.344
"166","SOMATIC6","|","t1",0.609,0.012,49.418,0,0.585,0.633
"167","SOMATIC6","|","t2",2.081,0.027,76.526,0,2.028,2.134
"168","SOMATIC7","|","t1",1.179,0.015,78.897,0,1.15,1.209
"169","SOMATIC7","|","t2",2.48,0.04,61.606,0,2.401,2.558
"170","SOMATIC8","|","t1",1.747,0.021,83.878,0,1.706,1.788
"171","SOMATIC8","|","t2",2.453,0.039,62.719,0,2.376,2.53
"172","SOMATIC9","|","t1",1.03,0.014,73.423,0,1.002,1.057
"173","SOMATIC9","|","t2",2.037,0.026,77.833,0,1.986,2.088
"174","SOMATIC10","|","t1",0.772,0.013,60.09,0,0.747,0.797
"175","SOMATIC10","|","t2",2.121,0.028,75.252,0,2.066,2.177
"176","SOMATIC11","|","t1",1.674,0.02,84.582,0,1.635,1.713
"177","SOMATIC11","|","t2",2.916,0.068,42.874,0,2.783,3.05
"178","SOCIAL1","|","t1",0.949,0.014,69.76,0,0.923,0.976
"179","SOCIAL1","|","t2",2.022,0.026,78.256,0,1.971,2.073
"180","SOCIAL2","|","t1",1.157,0.015,78.181,0,1.128,1.186
"181","SOCIAL2","|","t2",2.212,0.031,72.162,0,2.152,2.272
"182","SOCIAL3","|","t1",1.231,0.015,80.382,0,1.201,1.261
"183","SOCIAL3","|","t2",2.498,0.041,60.816,0,2.418,2.579
"184","SOCIAL4","|","t1",0.724,0.013,57.127,0,0.699,0.749
"185","SOCIAL4","|","t2",1.878,0.023,81.747,0,1.833,1.923
"186","SOCIAL5","|","t1",1.598,0.019,84.919,0,1.562,1.635
"187","SOCIAL5","|","t2",2.648,0.049,54.377,0,2.553,2.744
"188","SOCIAL6","|","t1",1.062,0.014,74.731,0,1.034,1.09
"189","SOCIAL6","|","t2",2.102,0.028,75.881,0,2.047,2.156
"190","SOCIAL7","|","t1",1.08,0.014,75.467,0,1.052,1.109
"191","SOCIAL7","|","t2",2.161,0.029,73.933,0,2.104,2.218
"192","SOCIAL8","|","t1",1.338,0.016,82.803,0,1.307,1.37
"193","SOCIAL8","|","t2",2.475,0.04,61.798,0,2.397,2.554
"194","SOCIAL9","|","t1",1.192,0.015,79.273,0,1.162,1.221
"195","SOCIAL9","|","t2",2.179,0.03,73.322,0,2.121,2.237
"196","SOCIAL10","|","t1",0.947,0.014,69.647,0,0.92,0.974
"197","SOCIAL10","|","t2",2.125,0.028,75.122,0,2.07,2.181
"198","SOCIAL11","|","t1",1.287,0.016,81.758,0,1.256,1.318
"199","SOCIAL11","|","t2",2.006,0.025,78.699,0,1.956,2.056
"200","THOUGHT1","|","t1",0.655,0.012,52.613,0,0.631,0.68
"201","THOUGHT1","|","t2",1.721,0.02,84.166,0,1.681,1.762
"202","THOUGHT2","|","t1",2.432,0.038,63.586,0,2.357,2.507
"203","THOUGHT2","|","t2",3.338,0.124,26.869,0,3.095,3.582
"204","THOUGHT3","|","t1",2.247,0.032,70.869,0,2.185,2.309
"205","THOUGHT3","|","t2",3.287,0.115,28.6,0,3.062,3.512
"206","THOUGHT4","|","t1",1.269,0.016,81.35,0,1.239,1.3
"207","THOUGHT4","|","t2",2.123,0.028,75.187,0,2.068,2.179
"208","THOUGHT5","|","t1",0.73,0.013,57.527,0,0.706,0.755
"209","THOUGHT5","|","t2",1.725,0.021,84.127,0,1.685,1.765
"210","THOUGHT6","|","t1",2.361,0.036,66.474,0,2.292,2.431
"211","THOUGHT6","|","t2",3.141,0.093,33.917,0,2.959,3.322
"212","THOUGHT7","|","t1",2.19,0.03,72.921,0,2.131,2.249
"213","THOUGHT7","|","t2",3.02,0.078,38.634,0,2.867,3.173
"214","THOUGHT8","|","t1",1.485,0.018,84.633,0,1.45,1.519
"215","THOUGHT8","|","t2",2.289,0.033,69.31,0,2.224,2.354
"216","THOUGHT9","|","t1",2.328,0.034,67.782,0,2.261,2.396
"217","THOUGHT9","|","t2",3.287,0.115,28.6,0,3.062,3.512
"218","THOUGHT10","|","t1",1.322,0.016,82.503,0,1.291,1.354
"219","THOUGHT10","|","t2",2.14,0.029,74.649,0,2.084,2.196
"220","THOUGHT11","|","t1",0.977,0.014,71.08,0,0.95,1.004
"221","THOUGHT11","|","t2",1.877,0.023,81.772,0,1.832,1.922
"222","THOUGHT12","|","t1",1.733,0.021,84.045,0,1.692,1.773
"223","THOUGHT12","|","t2",2.726,0.053,50.993,0,2.621,2.831
"224","THOUGHT13","|","t1",1.487,0.018,84.646,0,1.452,1.521
"225","THOUGHT13","|","t2",2.677,0.05,53.107,0,2.579,2.776
"226","THOUGHT14","|","t1",0.878,0.013,66.134,0,0.852,0.904
"227","THOUGHT14","|","t2",2.077,0.027,76.638,0,2.024,2.13
"228","THOUGHT15","|","t1",1.075,0.014,75.262,0,1.047,1.103
"229","THOUGHT15","|","t2",2.049,0.026,77.488,0,1.997,2.101
"230","ATTENT1","|","t1",0.783,0.013,60.743,0,0.758,0.808
"231","ATTENT1","|","t2",1.964,0.025,79.807,0,1.915,2.012
"232","ATTENT2","|","t1",0.244,0.012,20.933,0,0.221,0.266
"233","ATTENT2","|","t2",1.597,0.019,84.921,0,1.56,1.634
"234","ATTENT3","|","t1",0.697,0.013,55.413,0,0.673,0.722
"235","ATTENT3","|","t2",2.012,0.026,78.525,0,1.962,2.063
"236","ATTENT4","|","t1",0.281,0.012,24.098,0,0.258,0.304
"237","ATTENT4","|","t2",1.383,0.017,83.534,0,1.35,1.415
"238","ATTENT5","|","t1",0.474,0.012,39.5,0,0.45,0.497
"239","ATTENT5","|","t2",1.474,0.017,84.556,0,1.44,1.508
"240","ATTENT6","|","t1",1.547,0.018,84.909,0,1.511,1.582
"241","ATTENT6","|","t2",2.445,0.039,63.072,0,2.369,2.521
"242","ATTENT7","|","t1",0.682,0.013,54.412,0,0.658,0.707
"243","ATTENT7","|","t2",1.825,0.022,82.735,0,1.782,1.869
"244","ATTENT8","|","t1",0.682,0.013,54.395,0,0.657,0.707
"245","ATTENT8","|","t2",1.727,0.021,84.107,0,1.687,1.767
"246","ATTENT9","|","t1",1.092,0.014,75.917,0,1.064,1.12
"247","ATTENT9","|","t2",2.047,0.026,77.538,0,1.995,2.099
"248","ATTENT10","|","t1",0.205,0.012,17.636,0,0.182,0.227
"249","ATTENT10","|","t2",1.268,0.016,81.328,0,1.238,1.299
"250","ATTENT11","|","t1",1.341,0.016,82.86,0,1.31,1.373
"251","ATTENT11","|","t2",2.379,0.036,65.77,0,2.308,2.45
"252","RULE_BR1","|","t1",3.113,0.089,34.987,0,2.938,3.287
"253","RULE_BR1","|","t2",3.4,0.137,24.867,0,3.132,3.668
"254","RULE_BR2","|","t1",1.105,0.014,76.391,0,1.077,1.133
"255","RULE_BR2","|","t2",2.113,0.028,75.509,0,2.059,2.168
"256","RULE_BR3","|","t1",0.683,0.013,54.447,0,0.658,0.707
"257","RULE_BR3","|","t2",2.051,0.026,77.437,0,1.999,2.103
"258","RULE_BR4","|","t1",1.415,0.017,83.966,0,1.382,1.448
"259","RULE_BR4","|","t2",2.602,0.046,56.384,0,2.511,2.692
"260","RULE_BR5","|","t1",0.639,0.012,51.533,0,0.615,0.664
"261","RULE_BR5","|","t2",2.022,0.026,78.256,0,1.971,2.073
"262","RULE_BR6","|","t1",0.852,0.013,64.716,0,0.826,0.878
"263","RULE_BR6","|","t2",1.909,0.024,81.103,0,1.862,1.955
"264","RULE_BR7","|","t1",2.572,0.045,57.677,0,2.484,2.659
"265","RULE_BR7","|","t2",3.478,0.155,22.47,0,3.174,3.781
"266","RULE_BR8","|","t1",2.513,0.042,60.195,0,2.431,2.595
"267","RULE_BR8","|","t2",3.762,0.25,15.044,0,3.272,4.252
"268","RULE_BR9","|","t1",2.902,0.067,43.482,0,2.771,3.033
"269","RULE_BR9","|","t2",3.762,0.25,15.044,0,3.272,4.252
"270","RULE_BR10","|","t1",1.727,0.021,84.107,0,1.687,1.767
"271","RULE_BR10","|","t2",2.578,0.045,57.427,0,2.49,2.666
"272","RULE_BR11","|","t1",2.02,0.026,78.301,0,1.97,2.071
"273","RULE_BR11","|","t2",2.902,0.067,43.482,0,2.771,3.033
"274","RULE_BR12","|","t1",1.514,0.018,84.8,0,1.479,1.549
"275","RULE_BR12","|","t2",2.44,0.039,63.246,0,2.365,2.516
"276","RULE_BR13","|","t1",2.432,0.038,63.586,0,2.357,2.507
"277","RULE_BR13","|","t2",3.141,0.093,33.917,0,2.959,3.322
"278","RULE_BR14","|","t1",1.897,0.023,81.355,0,1.851,1.943
"279","RULE_BR14","|","t2",2.172,0.03,73.555,0,2.114,2.23
"280","RULE_BR15","|","t1",3.585,0.185,19.425,0,3.223,3.947
"281","RULE_BR16","|","t1",2.726,0.053,50.993,0,2.621,2.831
"282","RULE_BR16","|","t2",3.585,0.185,19.425,0,3.223,3.947
"283","RULE_BR17","|","t1",3.585,0.185,19.425,0,3.223,3.947
"284","RULE_BR17","|","t2",3.762,0.25,15.044,0,3.272,4.252
"285","RULE_BR18","|","t1",2.307,0.034,68.627,0,2.241,2.372
"286","RULE_BR18","|","t2",3.205,0.102,31.509,0,3.006,3.405
"287","AGGRESS1","|","t1",0.164,0.012,14.207,0,0.142,0.187
"288","AGGRESS1","|","t2",1.367,0.016,83.291,0,1.335,1.399
"289","AGGRESS2","|","t1",1.436,0.017,84.206,0,1.402,1.469
"290","AGGRESS2","|","t2",2.628,0.048,55.268,0,2.534,2.721
"291","AGGRESS3","|","t1",0.759,0.013,59.297,0,0.734,0.784
"292","AGGRESS3","|","t2",1.745,0.021,83.901,0,1.704,1.786
"293","AGGRESS4","|","t1",1.403,0.017,83.821,0,1.37,1.436
"294","AGGRESS4","|","t2",2.428,0.038,63.754,0,2.353,2.503
"295","AGGRESS5","|","t1",1.333,0.016,82.698,0,1.301,1.364
"296","AGGRESS5","|","t2",2.466,0.04,62.173,0,2.388,2.544
"297","AGGRESS6","|","t1",0.278,0.012,23.824,0,0.255,0.301
"298","AGGRESS6","|","t2",1.888,0.023,81.542,0,1.843,1.933
"299","AGGRESS7","|","t1",1.027,0.014,73.301,0,1,1.055
"300","AGGRESS7","|","t2",2.214,0.031,72.074,0,2.154,2.274
"301","AGGRESS8","|","t1",1.723,0.02,84.147,0,1.683,1.764
"302","AGGRESS8","|","t2",2.718,0.053,51.365,0,2.614,2.821
"303","AGGRESS9","|","t1",1.578,0.019,84.939,0,1.542,1.615
"304","AGGRESS9","|","t2",2.753,0.055,49.824,0,2.645,2.861
"305","AGGRESS10","|","t1",1.143,0.015,77.733,0,1.114,1.172
"306","AGGRESS10","|","t2",2.074,0.027,76.749,0,2.021,2.127
"307","AGGRESS11","|","t1",0.464,0.012,38.776,0,0.441,0.488
"308","AGGRESS11","|","t2",1.748,0.021,83.866,0,1.707,1.789
"309","AGGRESS12","|","t1",0.864,0.013,65.369,0,0.838,0.89
"310","AGGRESS12","|","t2",1.989,0.025,79.156,0,1.94,2.038
"311","AGGRESS13","|","t1",1.1,0.014,76.219,0,1.072,1.129
"312","AGGRESS13","|","t2",2.2,0.03,72.59,0,2.14,2.259
"313","AGGRESS14","|","t1",1.719,0.02,84.195,0,1.679,1.759
"314","AGGRESS14","|","t2",2.677,0.05,53.107,0,2.579,2.776
"315","AGGRESS15","|","t1",1.252,0.015,80.927,0,1.222,1.282
"316","AGGRESS15","|","t2",2.365,0.036,66.336,0,2.295,2.435
"317","AGGRESS16","|","t1",0.648,0.012,52.118,0,0.624,0.672
"318","AGGRESS16","|","t2",1.753,0.021,83.805,0,1.712,1.794
"319","AGGRESS17","|","t1",1.846,0.022,82.371,0,1.802,1.89
"320","AGGRESS17","|","t2",2.735,0.054,50.613,0,2.629,2.841
"321","AGGRESS18","|","t1",1.124,0.015,77.055,0,1.095,1.152
"322","AGGRESS18","|","t2",2.024,0.026,78.21,0,1.973,2.074
"323","ANXDEP1","~~","ANXDEP1",0.506,0.018,27.818,0,0.47,0.542
"324","ANXDEP2","~~","ANXDEP2",0.698,0.014,50.839,0,0.671,0.725
"325","ANXDEP3","~~","ANXDEP3",0.53,0.026,20.633,0,0.479,0.58
"326","ANXDEP4","~~","ANXDEP4",0.568,0.02,29.068,0,0.529,0.606
"327","ANXDEP5","~~","ANXDEP5",0.772,0.012,66.781,0,0.749,0.795
"328","ANXDEP6","~~","ANXDEP6",0.333,0.016,20.408,0,0.301,0.365
"329","ANXDEP7","~~","ANXDEP7",0.353,0.016,22.404,0,0.322,0.384
"330","ANXDEP8","~~","ANXDEP8",0.355,0.014,25.332,0,0.327,0.382
"331","ANXDEP9","~~","ANXDEP9",0.427,0.013,32.403,0,0.401,0.452
"332","ANXDEP10","~~","ANXDEP10",0.523,0.021,24.928,0,0.482,0.564
"333","ANXDEP11","~~","ANXDEP11",0.526,0.013,41.86,0,0.502,0.551
"334","ANXDEP12","~~","ANXDEP12",0.441,0.032,13.72,0,0.378,0.504
"335","ANXDEP13","~~","ANXDEP13",0.491,0.012,40.807,0,0.468,0.515
"336","WITHDEP1","~~","WITHDEP1",0.412,0.021,19.822,0,0.372,0.453
"337","WITHDEP2","~~","WITHDEP2",0.613,0.015,40.55,0,0.583,0.642
"338","WITHDEP3","~~","WITHDEP3",0.505,0.019,25.967,0,0.467,0.543
"339","WITHDEP4","~~","WITHDEP4",0.48,0.017,27.889,0,0.446,0.514
"340","WITHDEP5","~~","WITHDEP5",0.738,0.013,55.587,0,0.712,0.764
"341","WITHDEP6","~~","WITHDEP6",0.52,0.022,23.874,0,0.477,0.563
"342","WITHDEP7","~~","WITHDEP7",0.27,0.018,14.612,0,0.234,0.306
"343","WITHDEP8","~~","WITHDEP8",0.396,0.021,19.249,0,0.356,0.437
"344","SOMATIC1","~~","SOMATIC1",0.453,0.024,18.8,0,0.406,0.5
"345","SOMATIC2","~~","SOMATIC2",0.706,0.021,33.861,0,0.665,0.747
"346","SOMATIC3","~~","SOMATIC3",0.489,0.033,14.97,0,0.425,0.553
"347","SOMATIC4","~~","SOMATIC4",0.281,0.036,7.768,0,0.21,0.352
"348","SOMATIC5","~~","SOMATIC5",0.668,0.019,34.804,0,0.63,0.706
"349","SOMATIC6","~~","SOMATIC6",0.686,0.016,43.063,0,0.655,0.717
"350","SOMATIC7","~~","SOMATIC7",0.452,0.02,22.408,0,0.412,0.491
"351","SOMATIC8","~~","SOMATIC8",0.755,0.028,26.74,0,0.699,0.81
"352","SOMATIC9","~~","SOMATIC9",0.799,0.017,47.204,0,0.766,0.832
"353","SOMATIC10","~~","SOMATIC10",0.561,0.016,34.902,0,0.529,0.592
"354","SOMATIC11","~~","SOMATIC11",0.714,0.027,26.808,0,0.662,0.766
"355","SOCIAL1","~~","SOCIAL1",0.596,0.014,42.005,0,0.568,0.623
"356","SOCIAL2","~~","SOCIAL2",0.505,0.016,32.545,0,0.475,0.536
"357","SOCIAL3","~~","SOCIAL3",0.37,0.015,25.156,0,0.342,0.399
"358","SOCIAL4","~~","SOCIAL4",0.493,0.013,37.93,0,0.467,0.518
"359","SOCIAL5","~~","SOCIAL5",0.433,0.02,21.263,0,0.393,0.473
"360","SOCIAL6","~~","SOCIAL6",0.723,0.014,51.888,0,0.695,0.75
"361","SOCIAL7","~~","SOCIAL7",0.513,0.014,35.926,0,0.485,0.541
"362","SOCIAL8","~~","SOCIAL8",0.39,0.015,25.214,0,0.359,0.42
"363","SOCIAL9","~~","SOCIAL9",0.573,0.016,35.773,0,0.541,0.604
"364","SOCIAL10","~~","SOCIAL10",0.689,0.014,50.732,0,0.663,0.716
"365","SOCIAL11","~~","SOCIAL11",0.877,0.012,74.735,0,0.854,0.9
"366","THOUGHT1","~~","THOUGHT1",0.412,0.013,32.745,0,0.387,0.437
"367","THOUGHT2","~~","THOUGHT2",0.533,0.045,11.97,0,0.446,0.62
"368","THOUGHT3","~~","THOUGHT3",0.598,0.037,16.242,0,0.525,0.67
"369","THOUGHT4","~~","THOUGHT4",0.592,0.018,33.761,0,0.558,0.627
"370","THOUGHT5","~~","THOUGHT5",0.733,0.012,58.977,0,0.708,0.757
"371","THOUGHT6","~~","THOUGHT6",0.775,0.034,22.731,0,0.708,0.842
"372","THOUGHT7","~~","THOUGHT7",0.78,0.028,28.186,0,0.726,0.835
"373","THOUGHT8","~~","THOUGHT8",0.444,0.019,22.946,0,0.406,0.482
"374","THOUGHT9","~~","THOUGHT9",0.575,0.041,14.01,0,0.495,0.656
"375","THOUGHT10","~~","THOUGHT10",0.661,0.017,39.36,0,0.628,0.694
"376","THOUGHT11","~~","THOUGHT11",0.677,0.014,47.984,0,0.65,0.705
"377","THOUGHT12","~~","THOUGHT12",0.314,0.022,14.246,0,0.27,0.357
"378","THOUGHT13","~~","THOUGHT13",0.488,0.02,24.938,0,0.449,0.526
"379","THOUGHT14","~~","THOUGHT14",0.897,0.01,94.086,0,0.878,0.915
"380","THOUGHT15","~~","THOUGHT15",0.603,0.015,39.193,0,0.573,0.633
"381","ATTENT1","~~","ATTENT1",0.56,0.014,39.799,0,0.533,0.588
"382","ATTENT2","~~","ATTENT2",0.384,0.011,36.484,0,0.363,0.405
"383","ATTENT3","~~","ATTENT3",0.675,0.013,50.492,0,0.649,0.701
"384","ATTENT4","~~","ATTENT4",0.236,0.007,31.468,0,0.221,0.251
"385","ATTENT5","~~","ATTENT5",0.364,0.01,35.476,0,0.344,0.384
"386","ATTENT6","~~","ATTENT6",0.445,0.021,21.452,0,0.405,0.486
"387","ATTENT7","~~","ATTENT7",0.588,0.013,45.381,0,0.563,0.614
"388","ATTENT8","~~","ATTENT8",0.228,0.011,20.575,0,0.207,0.25
"389","ATTENT9","~~","ATTENT9",0.45,0.016,28.914,0,0.42,0.481
"390","ATTENT10","~~","ATTENT10",0.222,0.007,29.867,0,0.208,0.237
"391","ATTENT11","~~","ATTENT11",0.445,0.018,24.637,0,0.409,0.48
"392","RULE_BR1","~~","RULE_BR1",0.901,0.067,13.502,0,0.77,1.031
"393","RULE_BR2","~~","RULE_BR2",0.408,0.016,26.055,0,0.377,0.439
"394","RULE_BR3","~~","RULE_BR3",0.188,0.012,16.032,0,0.165,0.211
"395","RULE_BR4","~~","RULE_BR4",0.619,0.019,32.795,0,0.582,0.656
"396","RULE_BR5","~~","RULE_BR5",0.415,0.012,34.547,0,0.391,0.439
"397","RULE_BR6","~~","RULE_BR6",0.713,0.014,50.733,0,0.685,0.74
"398","RULE_BR7","~~","RULE_BR7",0.365,0.058,6.34,0,0.252,0.477
"399","RULE_BR8","~~","RULE_BR8",0.667,0.044,15.114,0,0.581,0.754
"400","RULE_BR9","~~","RULE_BR9",0.523,0.076,6.877,0,0.374,0.672
"401","RULE_BR10","~~","RULE_BR10",0.407,0.022,18.537,0,0.364,0.45
"402","RULE_BR11","~~","RULE_BR11",0.407,0.029,14.071,0,0.35,0.464
"403","RULE_BR12","~~","RULE_BR12",0.513,0.021,24.604,0,0.472,0.554
"404","RULE_BR13","~~","RULE_BR13",0.547,0.044,12.554,0,0.462,0.632
"405","RULE_BR14","~~","RULE_BR14",0.967,0.011,89.243,0,0.945,0.988
"406","RULE_BR15","~~","RULE_BR15",0.65,0.207,3.138,0.002,0.244,1.055
"407","RULE_BR16","~~","RULE_BR16",0.567,0.066,8.527,0,0.436,0.697
"408","RULE_BR17","~~","RULE_BR17",0.972,0.003,328.632,0,0.966,0.978
"409","RULE_BR18","~~","RULE_BR18",0.315,0.042,7.558,0,0.234,0.397
"410","AGGRESS1","~~","AGGRESS1",0.413,0.009,43.551,0,0.395,0.432
"411","AGGRESS2","~~","AGGRESS2",0.471,0.017,27.717,0,0.438,0.504
"412","AGGRESS3","~~","AGGRESS3",0.433,0.012,36.464,0,0.41,0.456
"413","AGGRESS4","~~","AGGRESS4",0.336,0.015,22.522,0,0.307,0.366
"414","AGGRESS5","~~","AGGRESS5",0.323,0.014,23.861,0,0.297,0.35
"415","AGGRESS6","~~","AGGRESS6",0.34,0.009,36.699,0,0.321,0.358
"416","AGGRESS7","~~","AGGRESS7",0.445,0.014,32.857,0,0.419,0.472
"417","AGGRESS8","~~","AGGRESS8",0.451,0.022,20.868,0,0.409,0.494
"418","AGGRESS9","~~","AGGRESS9",0.451,0.019,23.944,0,0.414,0.488
"419","AGGRESS10","~~","AGGRESS10",0.431,0.014,31.329,0,0.404,0.458
"420","AGGRESS11","~~","AGGRESS11",0.401,0.01,39.591,0,0.381,0.421
"421","AGGRESS12","~~","AGGRESS12",0.344,0.011,30.437,0,0.322,0.366
"422","AGGRESS13","~~","AGGRESS13",0.451,0.014,31.848,0,0.423,0.479
"423","AGGRESS14","~~","AGGRESS14",0.425,0.022,18.959,0,0.381,0.469
"424","AGGRESS15","~~","AGGRESS15",0.547,0.016,34.342,0,0.515,0.578
"425","AGGRESS16","~~","AGGRESS16",0.391,0.01,38.793,0,0.371,0.411
"426","AGGRESS17","~~","AGGRESS17",0.328,0.022,14.783,0,0.285,0.372
"427","AGGRESS18","~~","AGGRESS18",0.482,0.015,32.788,0,0.453,0.511
"428","ANXDEP","~~","ANXDEP",0.365,0.01,37.64,0,0.346,0.384
"429","WITHDEP","~~","WITHDEP",0.324,0.012,27.754,0,0.301,0.346
"430","SOMATIC","~~","SOMATIC",0.592,0.013,46.759,0,0.568,0.617
"431","SOCIAL","~~","SOCIAL",0.131,0.008,17.406,0,0.116,0.145
"432","THOUGHT","~~","THOUGHT",0.17,0.009,19.816,0,0.153,0.187
"433","ATTENTION","~~","ATTENTION",0.335,0.008,41.933,0,0.319,0.351
"434","RULE_BR","~~","RULE_BR",0.245,0.01,25.707,0,0.227,0.264
"435","AGGRESS","~~","AGGRESS",0.186,0.006,28.893,0,0.173,0.199
"436","P","~~","P",1,0,NA,NA,1,1
"437","ANXDEP1","~*~","ANXDEP1",1,0,NA,NA,1,1
"438","ANXDEP2","~*~","ANXDEP2",1,0,NA,NA,1,1
"439","ANXDEP3","~*~","ANXDEP3",1,0,NA,NA,1,1
"440","ANXDEP4","~*~","ANXDEP4",1,0,NA,NA,1,1
"441","ANXDEP5","~*~","ANXDEP5",1,0,NA,NA,1,1
"442","ANXDEP6","~*~","ANXDEP6",1,0,NA,NA,1,1
"443","ANXDEP7","~*~","ANXDEP7",1,0,NA,NA,1,1
"444","ANXDEP8","~*~","ANXDEP8",1,0,NA,NA,1,1
"445","ANXDEP9","~*~","ANXDEP9",1,0,NA,NA,1,1
"446","ANXDEP10","~*~","ANXDEP10",1,0,NA,NA,1,1
"447","ANXDEP11","~*~","ANXDEP11",1,0,NA,NA,1,1
"448","ANXDEP12","~*~","ANXDEP12",1,0,NA,NA,1,1
"449","ANXDEP13","~*~","ANXDEP13",1,0,NA,NA,1,1
"450","WITHDEP1","~*~","WITHDEP1",1,0,NA,NA,1,1
"451","WITHDEP2","~*~","WITHDEP2",1,0,NA,NA,1,1
"452","WITHDEP3","~*~","WITHDEP3",1,0,NA,NA,1,1
"453","WITHDEP4","~*~","WITHDEP4",1,0,NA,NA,1,1
"454","WITHDEP5","~*~","WITHDEP5",1,0,NA,NA,1,1
"455","WITHDEP6","~*~","WITHDEP6",1,0,NA,NA,1,1
"456","WITHDEP7","~*~","WITHDEP7",1,0,NA,NA,1,1
"457","WITHDEP8","~*~","WITHDEP8",1,0,NA,NA,1,1
"458","SOMATIC1","~*~","SOMATIC1",1,0,NA,NA,1,1
"459","SOMATIC2","~*~","SOMATIC2",1,0,NA,NA,1,1
"460","SOMATIC3","~*~","SOMATIC3",1,0,NA,NA,1,1
"461","SOMATIC4","~*~","SOMATIC4",1,0,NA,NA,1,1
"462","SOMATIC5","~*~","SOMATIC5",1,0,NA,NA,1,1
"463","SOMATIC6","~*~","SOMATIC6",1,0,NA,NA,1,1
"464","SOMATIC7","~*~","SOMATIC7",1,0,NA,NA,1,1
"465","SOMATIC8","~*~","SOMATIC8",1,0,NA,NA,1,1
"466","SOMATIC9","~*~","SOMATIC9",1,0,NA,NA,1,1
"467","SOMATIC10","~*~","SOMATIC10",1,0,NA,NA,1,1
"468","SOMATIC11","~*~","SOMATIC11",1,0,NA,NA,1,1
"469","SOCIAL1","~*~","SOCIAL1",1,0,NA,NA,1,1
"470","SOCIAL2","~*~","SOCIAL2",1,0,NA,NA,1,1
"471","SOCIAL3","~*~","SOCIAL3",1,0,NA,NA,1,1
"472","SOCIAL4","~*~","SOCIAL4",1,0,NA,NA,1,1
"473","SOCIAL5","~*~","SOCIAL5",1,0,NA,NA,1,1
"474","SOCIAL6","~*~","SOCIAL6",1,0,NA,NA,1,1
"475","SOCIAL7","~*~","SOCIAL7",1,0,NA,NA,1,1
"476","SOCIAL8","~*~","SOCIAL8",1,0,NA,NA,1,1
"477","SOCIAL9","~*~","SOCIAL9",1,0,NA,NA,1,1
"478","SOCIAL10","~*~","SOCIAL10",1,0,NA,NA,1,1
"479","SOCIAL11","~*~","SOCIAL11",1,0,NA,NA,1,1
"480","THOUGHT1","~*~","THOUGHT1",1,0,NA,NA,1,1
"481","THOUGHT2","~*~","THOUGHT2",1,0,NA,NA,1,1
"482","THOUGHT3","~*~","THOUGHT3",1,0,NA,NA,1,1
"483","THOUGHT4","~*~","THOUGHT4",1,0,NA,NA,1,1
"484","THOUGHT5","~*~","THOUGHT5",1,0,NA,NA,1,1
"485","THOUGHT6","~*~","THOUGHT6",1,0,NA,NA,1,1
"486","THOUGHT7","~*~","THOUGHT7",1,0,NA,NA,1,1
"487","THOUGHT8","~*~","THOUGHT8",1,0,NA,NA,1,1
"488","THOUGHT9","~*~","THOUGHT9",1,0,NA,NA,1,1
"489","THOUGHT10","~*~","THOUGHT10",1,0,NA,NA,1,1
"490","THOUGHT11","~*~","THOUGHT11",1,0,NA,NA,1,1
"491","THOUGHT12","~*~","THOUGHT12",1,0,NA,NA,1,1
"492","THOUGHT13","~*~","THOUGHT13",1,0,NA,NA,1,1
"493","THOUGHT14","~*~","THOUGHT14",1,0,NA,NA,1,1
"494","THOUGHT15","~*~","THOUGHT15",1,0,NA,NA,1,1
"495","ATTENT1","~*~","ATTENT1",1,0,NA,NA,1,1
"496","ATTENT2","~*~","ATTENT2",1,0,NA,NA,1,1
"497","ATTENT3","~*~","ATTENT3",1,0,NA,NA,1,1
"498","ATTENT4","~*~","ATTENT4",1,0,NA,NA,1,1
"499","ATTENT5","~*~","ATTENT5",1,0,NA,NA,1,1
"500","ATTENT6","~*~","ATTENT6",1,0,NA,NA,1,1
"501","ATTENT7","~*~","ATTENT7",1,0,NA,NA,1,1
"502","ATTENT8","~*~","ATTENT8",1,0,NA,NA,1,1
"503","ATTENT9","~*~","ATTENT9",1,0,NA,NA,1,1
"504","ATTENT10","~*~","ATTENT10",1,0,NA,NA,1,1
"505","ATTENT11","~*~","ATTENT11",1,0,NA,NA,1,1
"506","RULE_BR1","~*~","RULE_BR1",1,0,NA,NA,1,1
"507","RULE_BR2","~*~","RULE_BR2",1,0,NA,NA,1,1
"508","RULE_BR3","~*~","RULE_BR3",1,0,NA,NA,1,1
"509","RULE_BR4","~*~","RULE_BR4",1,0,NA,NA,1,1
"510","RULE_BR5","~*~","RULE_BR5",1,0,NA,NA,1,1
"511","RULE_BR6","~*~","RULE_BR6",1,0,NA,NA,1,1
"512","RULE_BR7","~*~","RULE_BR7",1,0,NA,NA,1,1
"513","RULE_BR8","~*~","RULE_BR8",1,0,NA,NA,1,1
"514","RULE_BR9","~*~","RULE_BR9",1,0,NA,NA,1,1
"515","RULE_BR10","~*~","RULE_BR10",1,0,NA,NA,1,1
"516","RULE_BR11","~*~","RULE_BR11",1,0,NA,NA,1,1
"517","RULE_BR12","~*~","RULE_BR12",1,0,NA,NA,1,1
"518","RULE_BR13","~*~","RULE_BR13",1,0,NA,NA,1,1
"519","RULE_BR14","~*~","RULE_BR14",1,0,NA,NA,1,1
"520","RULE_BR15","~*~","RULE_BR15",1,0,NA,NA,1,1
"521","RULE_BR16","~*~","RULE_BR16",1,0,NA,NA,1,1
"522","RULE_BR17","~*~","RULE_BR17",1,0,NA,NA,1,1
"523","RULE_BR18","~*~","RULE_BR18",1,0,NA,NA,1,1
"524","AGGRESS1","~*~","AGGRESS1",1,0,NA,NA,1,1
"525","AGGRESS2","~*~","AGGRESS2",1,0,NA,NA,1,1
"526","AGGRESS3","~*~","AGGRESS3",1,0,NA,NA,1,1
"527","AGGRESS4","~*~","AGGRESS4",1,0,NA,NA,1,1
"528","AGGRESS5","~*~","AGGRESS5",1,0,NA,NA,1,1
"529","AGGRESS6","~*~","AGGRESS6",1,0,NA,NA,1,1
"530","AGGRESS7","~*~","AGGRESS7",1,0,NA,NA,1,1
"531","AGGRESS8","~*~","AGGRESS8",1,0,NA,NA,1,1
"532","AGGRESS9","~*~","AGGRESS9",1,0,NA,NA,1,1
"533","AGGRESS10","~*~","AGGRESS10",1,0,NA,NA,1,1
"534","AGGRESS11","~*~","AGGRESS11",1,0,NA,NA,1,1
"535","AGGRESS12","~*~","AGGRESS12",1,0,NA,NA,1,1
"536","AGGRESS13","~*~","AGGRESS13",1,0,NA,NA,1,1
"537","AGGRESS14","~*~","AGGRESS14",1,0,NA,NA,1,1
"538","AGGRESS15","~*~","AGGRESS15",1,0,NA,NA,1,1
"539","AGGRESS16","~*~","AGGRESS16",1,0,NA,NA,1,1
"540","AGGRESS17","~*~","AGGRESS17",1,0,NA,NA,1,1
"541","AGGRESS18","~*~","AGGRESS18",1,0,NA,NA,1,1
"542","ANXDEP1","~1","",0,0,NA,NA,0,0
"543","ANXDEP2","~1","",0,0,NA,NA,0,0
"544","ANXDEP3","~1","",0,0,NA,NA,0,0
"545","ANXDEP4","~1","",0,0,NA,NA,0,0
"546","ANXDEP5","~1","",0,0,NA,NA,0,0
"547","ANXDEP6","~1","",0,0,NA,NA,0,0
"548","ANXDEP7","~1","",0,0,NA,NA,0,0
"549","ANXDEP8","~1","",0,0,NA,NA,0,0
"550","ANXDEP9","~1","",0,0,NA,NA,0,0
"551","ANXDEP10","~1","",0,0,NA,NA,0,0
"552","ANXDEP11","~1","",0,0,NA,NA,0,0
"553","ANXDEP12","~1","",0,0,NA,NA,0,0
"554","ANXDEP13","~1","",0,0,NA,NA,0,0
"555","WITHDEP1","~1","",0,0,NA,NA,0,0
"556","WITHDEP2","~1","",0,0,NA,NA,0,0
"557","WITHDEP3","~1","",0,0,NA,NA,0,0
"558","WITHDEP4","~1","",0,0,NA,NA,0,0
"559","WITHDEP5","~1","",0,0,NA,NA,0,0
"560","WITHDEP6","~1","",0,0,NA,NA,0,0
"561","WITHDEP7","~1","",0,0,NA,NA,0,0
"562","WITHDEP8","~1","",0,0,NA,NA,0,0
"563","SOMATIC1","~1","",0,0,NA,NA,0,0
"564","SOMATIC2","~1","",0,0,NA,NA,0,0
"565","SOMATIC3","~1","",0,0,NA,NA,0,0
"566","SOMATIC4","~1","",0,0,NA,NA,0,0
"567","SOMATIC5","~1","",0,0,NA,NA,0,0
"568","SOMATIC6","~1","",0,0,NA,NA,0,0
"569","SOMATIC7","~1","",0,0,NA,NA,0,0
"570","SOMATIC8","~1","",0,0,NA,NA,0,0
"571","SOMATIC9","~1","",0,0,NA,NA,0,0
"572","SOMATIC10","~1","",0,0,NA,NA,0,0
"573","SOMATIC11","~1","",0,0,NA,NA,0,0
"574","SOCIAL1","~1","",0,0,NA,NA,0,0
"575","SOCIAL2","~1","",0,0,NA,NA,0,0
"576","SOCIAL3","~1","",0,0,NA,NA,0,0
"577","SOCIAL4","~1","",0,0,NA,NA,0,0
"578","SOCIAL5","~1","",0,0,NA,NA,0,0
"579","SOCIAL6","~1","",0,0,NA,NA,0,0
"580","SOCIAL7","~1","",0,0,NA,NA,0,0
"581","SOCIAL8","~1","",0,0,NA,NA,0,0
"582","SOCIAL9","~1","",0,0,NA,NA,0,0
"583","SOCIAL10","~1","",0,0,NA,NA,0,0
"584","SOCIAL11","~1","",0,0,NA,NA,0,0
"585","THOUGHT1","~1","",0,0,NA,NA,0,0
"586","THOUGHT2","~1","",0,0,NA,NA,0,0
"587","THOUGHT3","~1","",0,0,NA,NA,0,0
"588","THOUGHT4","~1","",0,0,NA,NA,0,0
"589","THOUGHT5","~1","",0,0,NA,NA,0,0
"590","THOUGHT6","~1","",0,0,NA,NA,0,0
"591","THOUGHT7","~1","",0,0,NA,NA,0,0
"592","THOUGHT8","~1","",0,0,NA,NA,0,0
"593","THOUGHT9","~1","",0,0,NA,NA,0,0
"594","THOUGHT10","~1","",0,0,NA,NA,0,0
"595","THOUGHT11","~1","",0,0,NA,NA,0,0
"596","THOUGHT12","~1","",0,0,NA,NA,0,0
"597","THOUGHT13","~1","",0,0,NA,NA,0,0
"598","THOUGHT14","~1","",0,0,NA,NA,0,0
"599","THOUGHT15","~1","",0,0,NA,NA,0,0
"600","ATTENT1","~1","",0,0,NA,NA,0,0
"601","ATTENT2","~1","",0,0,NA,NA,0,0
"602","ATTENT3","~1","",0,0,NA,NA,0,0
"603","ATTENT4","~1","",0,0,NA,NA,0,0
"604","ATTENT5","~1","",0,0,NA,NA,0,0
"605","ATTENT6","~1","",0,0,NA,NA,0,0
"606","ATTENT7","~1","",0,0,NA,NA,0,0
"607","ATTENT8","~1","",0,0,NA,NA,0,0
"608","ATTENT9","~1","",0,0,NA,NA,0,0
"609","ATTENT10","~1","",0,0,NA,NA,0,0
"610","ATTENT11","~1","",0,0,NA,NA,0,0
"611","RULE_BR1","~1","",0,0,NA,NA,0,0
"612","RULE_BR2","~1","",0,0,NA,NA,0,0
"613","RULE_BR3","~1","",0,0,NA,NA,0,0
"614","RULE_BR4","~1","",0,0,NA,NA,0,0
"615","RULE_BR5","~1","",0,0,NA,NA,0,0
"616","RULE_BR6","~1","",0,0,NA,NA,0,0
"617","RULE_BR7","~1","",0,0,NA,NA,0,0
"618","RULE_BR8","~1","",0,0,NA,NA,0,0
"619","RULE_BR9","~1","",0,0,NA,NA,0,0
"620","RULE_BR10","~1","",0,0,NA,NA,0,0
"621","RULE_BR11","~1","",0,0,NA,NA,0,0
"622","RULE_BR12","~1","",0,0,NA,NA,0,0
"623","RULE_BR13","~1","",0,0,NA,NA,0,0
"624","RULE_BR14","~1","",0,0,NA,NA,0,0
"625","RULE_BR15","~1","",0,0,NA,NA,0,0
"626","RULE_BR16","~1","",0,0,NA,NA,0,0
"627","RULE_BR17","~1","",0,0,NA,NA,0,0
"628","RULE_BR18","~1","",0,0,NA,NA,0,0
"629","AGGRESS1","~1","",0,0,NA,NA,0,0
"630","AGGRESS2","~1","",0,0,NA,NA,0,0
"631","AGGRESS3","~1","",0,0,NA,NA,0,0
"632","AGGRESS4","~1","",0,0,NA,NA,0,0
"633","AGGRESS5","~1","",0,0,NA,NA,0,0
"634","AGGRESS6","~1","",0,0,NA,NA,0,0
"635","AGGRESS7","~1","",0,0,NA,NA,0,0
"636","AGGRESS8","~1","",0,0,NA,NA,0,0
"637","AGGRESS9","~1","",0,0,NA,NA,0,0
"638","AGGRESS10","~1","",0,0,NA,NA,0,0
"639","AGGRESS11","~1","",0,0,NA,NA,0,0
"640","AGGRESS12","~1","",0,0,NA,NA,0,0
"641","AGGRESS13","~1","",0,0,NA,NA,0,0
"642","AGGRESS14","~1","",0,0,NA,NA,0,0
"643","AGGRESS15","~1","",0,0,NA,NA,0,0
"644","AGGRESS16","~1","",0,0,NA,NA,0,0
"645","AGGRESS17","~1","",0,0,NA,NA,0,0
"646","AGGRESS18","~1","",0,0,NA,NA,0,0
"647","ANXDEP","~1","",0,0,NA,NA,0,0
"648","WITHDEP","~1","",0,0,NA,NA,0,0
"649","SOMATIC","~1","",0,0,NA,NA,0,0
"650","SOCIAL","~1","",0,0,NA,NA,0,0
"651","THOUGHT","~1","",0,0,NA,NA,0,0
"652","ATTENTION","~1","",0,0,NA,NA,0,0
"653","RULE_BR","~1","",0,0,NA,NA,0,0
"654","AGGRESS","~1","",0,0,NA,NA,0,0
"655","P","~1","",0,0,NA,NA,0,0
